{
    "RPT": {
        "ScanTime": "0.01 sec.",
        "ScanFile": "20220407_haotiansblog_44c3fdd69c4b12932887_20220407005337_scan.json",
        "Warnings": 2,
        "Success": 4
    },
    "SRV": {
        "PHP": {
            "websrv": true,
            "openbase": false,
            "maxtime": true,
            "mysqli": true,
            "version": true
        },
        "SYS": {
            "managedHost": true,
            "ALL": "Warn"
        },
        "WP": {
            "version": true,
            "core": true,
            "ismu": false,
            "ALL": "Good"
        }
    },
    "ARC": {
        "Size": "0B",
        "DirCount": "0",
        "FileCount": "0",
        "FullCount": "0",
        "WarnFileCount": 0,
        "WarnDirCount": 0,
        "UnreadableDirCount": 0,
        "UnreadableFileCount": 0,
        "FilterDirsAll": [
            "\/home\/wwwroot\/www.haotian.life\/.opcache",
            "\/home\/wwwroot\/www.haotian.life\/wp-content\/ai1wm-backups",
            "\/home\/wwwroot\/www.haotian.life\/wp-content\/backups-dup-lite",
            "\/home\/wwwroot\/www.haotian.life\/wp-content\/backups-dup-pro",
            "\/home\/wwwroot\/www.haotian.life\/wp-content\/backupwordpress",
            "\/home\/wwwroot\/www.haotian.life\/wp-content\/bps-backup",
            "\/home\/wwwroot\/www.haotian.life\/wp-content\/cache",
            "\/home\/wwwroot\/www.haotian.life\/wp-content\/content\/cache",
            "\/home\/wwwroot\/www.haotian.life\/wp-content\/contents\/cache",
            "\/home\/wwwroot\/www.haotian.life\/wp-content\/infinitewp\/backups",
            "\/home\/wwwroot\/www.haotian.life\/wp-content\/managewp\/backups",
            "\/home\/wwwroot\/www.haotian.life\/wp-content\/old-cache",
            "\/home\/wwwroot\/www.haotian.life\/wp-content\/plugins\/all-in-one-wp-migration\/storage",
            "\/home\/wwwroot\/www.haotian.life\/wp-content\/updraft",
            "\/home\/wwwroot\/www.haotian.life\/wp-content\/uploads\/aiowps_backups",
            "\/home\/wwwroot\/www.haotian.life\/wp-content\/uploads\/backupbuddy_backups",
            "\/home\/wwwroot\/www.haotian.life\/wp-content\/uploads\/backupbuddy_temp",
            "\/home\/wwwroot\/www.haotian.life\/wp-content\/uploads\/ithemes-security\/backups",
            "\/home\/wwwroot\/www.haotian.life\/wp-content\/uploads\/mainwp\/backup",
            "\/home\/wwwroot\/www.haotian.life\/wp-content\/uploads\/pb_backupbuddy",
            "\/home\/wwwroot\/www.haotian.life\/wp-content\/uploads\/snapshots",
            "\/home\/wwwroot\/www.haotian.life\/wp-content\/uploads\/sucuri",
            "\/home\/wwwroot\/www.haotian.life\/wp-content\/uploads\/wp-clone",
            "\/home\/wwwroot\/www.haotian.life\/wp-content\/uploads\/wp_all_backup",
            "\/home\/wwwroot\/www.haotian.life\/wp-content\/uploads\/wpbackitup_backups",
            "\/home\/wwwroot\/www.haotian.life\/wp-content\/wfcache",
            "\/home\/wwwroot\/www.haotian.life\/wp-content\/wishlist-backup",
            "\/home\/wwwroot\/www.haotian.life\/wp-snapshots"
        ],
        "FilterFilesAll": [
            "error_log",
            "error.log",
            "debug_log",
            "ws_ftp.log",
            "dbcache",
            "pgcache",
            "objectcache",
            ".DS_Store",
            "\/home\/wwwroot\/www.haotian.life\/.htaccess",
            "\/home\/wwwroot\/www.haotian.life\/web.config",
            "\/home\/wwwroot\/www.haotian.life\/wp-config.php"
        ],
        "FilterExtsAll": [],
        "FilterInfo": {
            "Dirs": {
                "Warning": [],
                "Unreadable": [],
                "AddonSites": [],
                "Core": [
                    "\/home\/wwwroot\/www.haotian.life\/wp-snapshots",
                    "\/home\/wwwroot\/www.haotian.life\/wp-content\/backups-dup-lite",
                    "\/home\/wwwroot\/www.haotian.life\/.opcache",
                    "\/home\/wwwroot\/www.haotian.life\/wp-content\/backups-dup-pro",
                    "\/home\/wwwroot\/www.haotian.life\/wp-content\/ai1wm-backups",
                    "\/home\/wwwroot\/www.haotian.life\/wp-content\/backupwordpress",
                    "\/home\/wwwroot\/www.haotian.life\/wp-content\/content\/cache",
                    "\/home\/wwwroot\/www.haotian.life\/wp-content\/contents\/cache",
                    "\/home\/wwwroot\/www.haotian.life\/wp-content\/infinitewp\/backups",
                    "\/home\/wwwroot\/www.haotian.life\/wp-content\/managewp\/backups",
                    "\/home\/wwwroot\/www.haotian.life\/wp-content\/old-cache",
                    "\/home\/wwwroot\/www.haotian.life\/wp-content\/plugins\/all-in-one-wp-migration\/storage",
                    "\/home\/wwwroot\/www.haotian.life\/wp-content\/updraft",
                    "\/home\/wwwroot\/www.haotian.life\/wp-content\/wishlist-backup",
                    "\/home\/wwwroot\/www.haotian.life\/wp-content\/wfcache",
                    "\/home\/wwwroot\/www.haotian.life\/wp-content\/bps-backup",
                    "\/home\/wwwroot\/www.haotian.life\/wp-content\/cache",
                    "\/home\/wwwroot\/www.haotian.life\/wp-content\/uploads\/aiowps_backups",
                    "\/home\/wwwroot\/www.haotian.life\/wp-content\/uploads\/backupbuddy_temp",
                    "\/home\/wwwroot\/www.haotian.life\/wp-content\/uploads\/backupbuddy_backups",
                    "\/home\/wwwroot\/www.haotian.life\/wp-content\/uploads\/ithemes-security\/backups",
                    "\/home\/wwwroot\/www.haotian.life\/wp-content\/uploads\/mainwp\/backup",
                    "\/home\/wwwroot\/www.haotian.life\/wp-content\/uploads\/pb_backupbuddy",
                    "\/home\/wwwroot\/www.haotian.life\/wp-content\/uploads\/snapshots",
                    "\/home\/wwwroot\/www.haotian.life\/wp-content\/uploads\/sucuri",
                    "\/home\/wwwroot\/www.haotian.life\/wp-content\/uploads\/wp-clone",
                    "\/home\/wwwroot\/www.haotian.life\/wp-content\/uploads\/wp_all_backup",
                    "\/home\/wwwroot\/www.haotian.life\/wp-content\/uploads\/wpbackitup_backups"
                ],
                "Global": [],
                "Instance": []
            },
            "Files": {
                "Size": [],
                "Warning": [],
                "Unreadable": [],
                "AddonSites": [],
                "Core": [],
                "Global": [
                    "error_log",
                    "error.log",
                    "debug_log",
                    "ws_ftp.log",
                    "dbcache",
                    "pgcache",
                    "objectcache",
                    ".DS_Store"
                ],
                "Instance": []
            },
            "Exts": {
                "Core": [],
                "Global": [],
                "Instance": []
            },
            "UDirCount": 0,
            "UFileCount": 0,
            "UExtCount": 0,
            "TreeSize": [],
            "TreeWarning": []
        },
        "RecursiveLinks": [],
        "UnreadableItems": [],
        "Status": {
            "Size": "Good",
            "Names": "Good",
            "UnreadableItems": "Good",
            "MigratePackage": "Good",
            "CanbeMigratePackage": true,
            "showCreateProcFuncStatus": "Good",
            "showCreateProcFunc": true,
            "AddonSites": "Good"
        },
        "Dirs": [],
        "Files": []
    },
    "DB": {
        "Status": {
            "Success": true,
            "DB_Case": "Good",
            "DB_Rows": "Good",
            "DB_Size": "Warn",
            "TBL_Case": "Good",
            "TBL_Rows": "Good",
            "TBL_Size": "Warn",
            "Triggers": "Good"
        },
        "Size": "95.73MB",
        "Rows": "4,119",
        "TableCount": 45,
        "TableList": {
            "wp_commentmeta": {
                "Case": 0,
                "Rows": "27",
                "Size": "2.13MB",
                "USize": 2228224
            },
            "wp_comments": {
                "Case": 0,
                "Rows": "10",
                "Size": "1.27MB",
                "USize": 1327104
            },
            "wp_duplicator_packages": {
                "Case": 0,
                "Rows": "0",
                "Size": "32KB",
                "USize": 32768
            },
            "wp_links": {
                "Case": 0,
                "Rows": "0",
                "Size": "32KB",
                "USize": 32768
            },
            "wp_mailpoet_custom_fields": {
                "Case": 0,
                "Rows": "0",
                "Size": "32KB",
                "USize": 32768
            },
            "wp_mailpoet_dynamic_segment_filters": {
                "Case": 0,
                "Rows": "0",
                "Size": "32KB",
                "USize": 32768
            },
            "wp_mailpoet_feature_flags": {
                "Case": 0,
                "Rows": "0",
                "Size": "32KB",
                "USize": 32768
            },
            "wp_mailpoet_forms": {
                "Case": 0,
                "Rows": "0",
                "Size": "16KB",
                "USize": 16384
            },
            "wp_mailpoet_log": {
                "Case": 0,
                "Rows": "0",
                "Size": "16KB",
                "USize": 16384
            },
            "wp_mailpoet_mapping_to_external_entities": {
                "Case": 0,
                "Rows": "0",
                "Size": "32KB",
                "USize": 32768
            },
            "wp_mailpoet_newsletter_links": {
                "Case": 0,
                "Rows": "59",
                "Size": "64KB",
                "USize": 65536
            },
            "wp_mailpoet_newsletter_option": {
                "Case": 0,
                "Rows": "19",
                "Size": "32KB",
                "USize": 32768
            },
            "wp_mailpoet_newsletter_option_fields": {
                "Case": 0,
                "Rows": "20",
                "Size": "32KB",
                "USize": 32768
            },
            "wp_mailpoet_newsletter_posts": {
                "Case": 0,
                "Rows": "3",
                "Size": "32KB",
                "USize": 32768
            },
            "wp_mailpoet_newsletter_segment": {
                "Case": 0,
                "Rows": "5",
                "Size": "32KB",
                "USize": 32768
            },
            "wp_mailpoet_newsletter_templates": {
                "Case": 0,
                "Rows": "70",
                "Size": "16.2MB",
                "USize": 16990208
            },
            "wp_mailpoet_newsletters": {
                "Case": 0,
                "Rows": "9",
                "Size": "1.48MB",
                "USize": 1556480
            },
            "wp_mailpoet_scheduled_task_subscribers": {
                "Case": 0,
                "Rows": "97",
                "Size": "32KB",
                "USize": 32768
            },
            "wp_mailpoet_scheduled_tasks": {
                "Case": 0,
                "Rows": "2,487",
                "Size": "512KB",
                "USize": 524288
            },
            "wp_mailpoet_segments": {
                "Case": 0,
                "Rows": "3",
                "Size": "48KB",
                "USize": 49152
            },
            "wp_mailpoet_sending_queues": {
                "Case": 0,
                "Rows": "11",
                "Size": "320KB",
                "USize": 327680
            },
            "wp_mailpoet_settings": {
                "Case": 0,
                "Rows": "35",
                "Size": "32KB",
                "USize": 32768
            },
            "wp_mailpoet_statistics_bounces": {
                "Case": 0,
                "Rows": "0",
                "Size": "16KB",
                "USize": 16384
            },
            "wp_mailpoet_statistics_clicks": {
                "Case": 0,
                "Rows": "10",
                "Size": "64KB",
                "USize": 65536
            },
            "wp_mailpoet_statistics_forms": {
                "Case": 0,
                "Rows": "0",
                "Size": "32KB",
                "USize": 32768
            },
            "wp_mailpoet_statistics_newsletters": {
                "Case": 0,
                "Rows": "0",
                "Size": "48KB",
                "USize": 49152
            },
            "wp_mailpoet_statistics_opens": {
                "Case": 0,
                "Rows": "7",
                "Size": "96KB",
                "USize": 98304
            },
            "wp_mailpoet_statistics_unsubscribes": {
                "Case": 0,
                "Rows": "0",
                "Size": "64KB",
                "USize": 65536
            },
            "wp_mailpoet_statistics_woocommerce_purchases": {
                "Case": 0,
                "Rows": "0",
                "Size": "80KB",
                "USize": 81920
            },
            "wp_mailpoet_stats_notifications": {
                "Case": 0,
                "Rows": "6",
                "Size": "48KB",
                "USize": 49152
            },
            "wp_mailpoet_subscriber_custom_field": {
                "Case": 0,
                "Rows": "0",
                "Size": "32KB",
                "USize": 32768
            },
            "wp_mailpoet_subscriber_ips": {
                "Case": 0,
                "Rows": "1",
                "Size": "32KB",
                "USize": 32768
            },
            "wp_mailpoet_subscriber_segment": {
                "Case": 0,
                "Rows": "1",
                "Size": "48KB",
                "USize": 49152
            },
            "wp_mailpoet_subscribers": {
                "Case": 0,
                "Rows": "3",
                "Size": "144KB",
                "USize": 147456
            },
            "wp_mailpoet_user_agents": {
                "Case": 0,
                "Rows": "0",
                "Size": "32KB",
                "USize": 32768
            },
            "wp_mailpoet_user_flags": {
                "Case": 0,
                "Rows": "2",
                "Size": "32KB",
                "USize": 32768
            },
            "wp_options": {
                "Case": 0,
                "Rows": "300",
                "Size": "49.48MB",
                "USize": 51888128
            },
            "wp_postmeta": {
                "Case": 0,
                "Rows": "417",
                "Size": "272KB",
                "USize": 278528
            },
            "wp_posts": {
                "Case": 0,
                "Rows": "428",
                "Size": "22.55MB",
                "USize": 23642112
            },
            "wp_term_relationships": {
                "Case": 0,
                "Rows": "35",
                "Size": "32KB",
                "USize": 32768
            },
            "wp_term_taxonomy": {
                "Case": 0,
                "Rows": "15",
                "Size": "48KB",
                "USize": 49152
            },
            "wp_termmeta": {
                "Case": 0,
                "Rows": "0",
                "Size": "48KB",
                "USize": 49152
            },
            "wp_terms": {
                "Case": 0,
                "Rows": "15",
                "Size": "48KB",
                "USize": 49152
            },
            "wp_usermeta": {
                "Case": 0,
                "Rows": "24",
                "Size": "48KB",
                "USize": 49152
            },
            "wp_users": {
                "Case": 0,
                "Rows": "0",
                "Size": "64KB",
                "USize": 65536
            }
        },
        "RawSize": 100384768
    },
    "LL": {
        "TotalSize": "95.73MB",
        "Status": {
            "TotalSize": "Good"
        }
    }
}